gene,log2FoldChange,pvalue,padj
TP53,2.1,0.00004,0.0003
MYC,-1.8,0.002,0.01
CDK1,1.5,0.03,0.06
GAPDH,0.2,0.4,0.7
ACTB,0.05,0.8,0.95
BRCA1,-2.2,0.00001,0.0001
EGFR,1.9,0.0005,0.002
MKI67,1.2,0.01,0.04
JUN,-1.3,0.03,0.05
FOS,-1.7,0.002,0.008
